ShipBox,ShipTray,ShipHole,FlatNum,ManufactureDate,HexCode,IdleCurrent,BatteryVoltage,OutputCurrent,Period_Nom,Length_mm,Width_mm,Height_mm,Weight_air_mg,FullID,Power_db,Customer_PO,Sales_Order_No,Project Name,Project Fund,Notes,Manufacturer,DecCode,Model,Serial No,UseType,Frequency_kHz,Period_Est,EstimatedLife,WarrantyLife,BatteryType,Cost,Date_Received,Agency,Owner
2047,1,1,5346,20-Nov-23,7299,0.0000004182,3.19v,0.0000000561,5,14.2,3.2,3.2,204,G7272990A,156,,,,,,,,,,,,,,,,,,,
2047,1,2,5356,20-Nov-23,ED9A,0.0000006206,3.19v,0.0000000558,5,14.2,3.2,3.2,205,G72ED9A33,155,,,,,,,,,,,,,,,,,,,
2047,1,3,5348,20-Nov-23,E9C9,0.0000004632,3.19v,0.000000058,5,14.2,3.2,3.2,207,G72E9C931,155,,,,,,,,,,,,,,,,,,,
2047,1,4,5356,20-Nov-23,EDAC,0.0000004298,3.19v,0.0000000576,5,14.2,3.2,3.2,207,G72EDAC50,155,,,,,,,,,,,,,,,,,,,
2047,1,5,5347,20-Nov-23,E953,0.0000004285,3.19v,0.0000000515,5,14.2,3.2,3.2,204,G72E9535E,154,,,,,,,,,,,,,,,,,,,
2047,1,6,5349,20-Nov-23,EA5F,0.0000005158,3.19v,0.000000059,5,14.2,3.2,3.2,203,G72EA5FA8,155,,,,,,,,,,,,,,,,,,,
2047,1,7,5348,20-Nov-23,E9D6,0.0000007017,3.19v,0.0000000576,5,14.2,3.2,3.2,205,G72E9D6ED,155,,,,,,,,,,,,,,,,,,,
2047,1,8,5358,20-Nov-23,EECD,0.0000005697,3.19v,0.0000000511,5,14.2,3.2,3.2,208,G72EECD3E,155,,,,,,,,,,,,,,,,,,,
2047,1,9,5346,20-Nov-23,E891,0.0000004488,3.19v,0.0000000571,5,14.2,3.2,3.2,205,G72E891EC,156,,,,,,,,,,,,,,,,,,,
2047,1,10,5346,20-Nov-23,728A,0.0000004337,3.19v,0.0000000538,5,14.2,3.2,3.2,205,G72728A75,156,,,,,,,,,,,,,,,,,,,
2047,1,11,5350,20-Nov-23,EABC,0.0000004927,3.19v,0.0000000548,5,14.2,3.2,3.2,204,G72EABCA3,154,,,,,,,,,,,,,,,,,,,
2047,1,12,5346,20-Nov-23,E875,0.0000005005,3.19v,0.00000006,5,14.2,3.2,3.2,207,G72E87564,154,,,,,,,,,,,,,,,,,,,
2047,1,13,5349,20-Nov-23,EA62,0.0000004505,3.19v,0.0000000587,5,14.2,3.2,3.2,204,G72EA62EB,155,,,,,,,,,,,,,,,,,,,
2047,1,14,5358,20-Nov-23,EF2D,0.0000004119,3.19v,0.0000000533,5,14.2,3.2,3.2,200,G72EF2D13,156,,,,,,,,,,,,,,,,,,,
2047,1,15,5347,20-Nov-23,E8AE,0.0000004816,3.19v,0.0000000578,5,14.2,3.2,3.2,201,G72E8AE13,154,,,,,,,,,,,,,,,,,,,
2047,1,16,5350,20-Nov-23,EA9B,0.0000004571,3.19v,0.0000000554,5,14.2,3.2,3.2,204,G72EA9B03,154,,,,,,,,,,,,,,,,,,,
2047,1,17,5358,20-Nov-23,EF6B,0.0000004909,3.19v,0.0000000565,5,14.2,3.2,3.2,205,G72EF6B88,157,,,,,,,,,,,,,,,,,,,
2047,1,18,5357,20-Nov-23,EE2D,0.0000004091,3.19v,0.0000000569,5,14.2,3.2,3.2,206,G72EE2DD7,154,,,,,,,,,,,,,,,,,,,
2047,1,19,5347,20-Nov-23,E90D,0.0000004963,3.19v,0.0000000575,5,14.2,3.2,3.2,209,G72E90D9A,155,,,,,,,,,,,,,,,,,,,
2047,1,20,5346,20-Nov-23,E775,0.0000004543,3.19v,0.0000000559,5,14.2,3.2,3.2,203,G72E7757C,155,,,,,,,,,,,,,,,,,,,
2047,1,21,5347,20-Nov-23,E8D6,0.0000004522,3.19v,0.0000000587,5,14.2,3.2,3.2,204,G72E8D629,155,,,,,,,,,,,,,,,,,,,
2047,1,22,5346,20-Nov-23,729B,0.0000004696,3.19v,0.0000000561,5,14.2,3.2,3.2,206,G72729BB6,153,,,,,,,,,,,,,,,,,,,
2047,1,23,5346,20-Nov-23,E85D,0.0000004724,3.19v,0.0000000609,5,14.2,3.2,3.2,203,G72E85D85,153,,,,,,,,,,,,,,,,,,,
2047,1,24,5357,20-Nov-23,EE4A,0.0000005255,3.19v,0.0000000577,5,14.2,3.2,3.2,204,G72EE4A31,155,,,,,,,,,,,,,,,,,,,
2047,1,25,5347,20-Nov-23,E961,0.0000004394,3.19v,0.0000000512,5,14.2,3.2,3.2,204,G72E9615C,156,,,,,,,,,,,,,,,,,,,
2047,1,26,5356,20-Nov-23,EDAB,0.0000004494,3.19v,0.0000000598,5,14.2,3.2,3.2,205,G72EDABD3,155,,,,,,,,,,,,,,,,,,,
2047,1,27,5356,20-Nov-23,ED89,0.0000006803,3.19v,0.0000000573,5,14.2,3.2,3.2,203,G72ED894C,154,,,,,,,,,,,,,,,,,,,
2047,1,28,5357,20-Nov-23,EE65,0.0000004488,3.19v,0.0000000579,5,14.2,3.2,3.2,204,G72EE6553,155,,,,,,,,,,,,,,,,,,,
2047,1,29,5357,20-Nov-23,EE6A,0.0000005652,3.19v,0.0000000577,5,14.2,3.2,3.2,205,G72EE6A12,153,,,,,,,,,,,,,,,,,,,
2047,1,30,5357,20-Nov-23,EE4D,0.000000433,3.19v,0.0000000573,5,14.2,3.2,3.2,208,G72EE4DB2,154,,,,,,,,,,,,,,,,,,,
2047,1,31,5346,20-Nov-23,72A0,0.0000004707,3.19v,0.0000000557,5,14.2,3.2,3.2,204,G7272A028,154,,,,,,,,,,,,,,,,,,,
2047,1,32,5346,20-Nov-23,726E,0.0000004023,3.19v,0.0000000536,5,14.2,3.2,3.2,213,G72726EFD,155,,,,,,,,,,,,,,,,,,,
2047,1,33,5357,20-Nov-23,EE56,0.0000004267,3.19v,0.0000000598,5,14.2,3.2,3.2,209,G72EE560F,156,,,,,,,,,,,,,,,,,,,
2047,1,34,5358,20-Nov-23,EF57,0.0000005289,3.19v,0.0000000557,5,14.2,3.2,3.2,206,G72EF5795,155,,,,,,,,,,,,,,,,,,,
2047,1,35,5348,20-Nov-23,E98D,0.0000004417,3.19v,0.0000000557,5,14.2,3.2,3.2,205,G72E98D16,155,,,,,,,,,,,,,,,,,,,
2047,1,36,5356,20-Nov-23,EDE5,0.0000005393,3.19v,0.0000000586,5,14.2,3.2,3.2,205,G72EDE58A,155,,,,,,,,,,,,,,,,,,,
2047,1,37,5356,20-Nov-23,EDED,0.0000004605,3.19v,0.0000000617,5,14.2,3.2,3.2,206,G72EDED48,153,,,,,,,,,,,,,,,,,,,
2047,1,38,5350,20-Nov-23,EA99,0.0000004865,3.19v,0.0000000586,5,14.2,3.2,3.2,204,G72EA99BF,156,,,,,,,,,,,,,,,,,,,
2047,1,39,5346,20-Nov-23,7297,0.0000004449,3.19v,0.000000054,5,14.2,3.2,3.2,205,G72729715,156,,,,,,,,,,,,,,,,,,,
2047,1,40,5358,20-Nov-23,EEBD,0.0000004277,3.19v,0.0000000513,5,14.2,3.2,3.2,203,G72EEBDC6,153,,,,,,,,,,,,,,,,,,,
2047,1,41,5357,20-Nov-23,EEAC,0.0000007334,3.19v,0.0000000577,5,14.2,3.2,3.2,205,G72EEAC05,156,,,,,,,,,,,,,,,,,,,
2047,1,42,5350,21-Nov-23,EAA1,0.0000005107,3.19v,0.0000000606,5,14.2,3.2,3.2,206,G72EAA1C3,155,,,,,,,,,,,,,,,,,,,
2047,1,43,5346,21-Nov-23,E89D,0.000000454,3.19v,0.0000000587,5,14.2,3.2,3.2,205,G72E89D4F,154,,,,,,,,,,,,,,,,,,,
2047,1,44,5357,21-Nov-23,EE89,0.0000004107,3.19v,0.0000000569,5,14.2,3.2,3.2,205,G72EE8919,154,,,,,,,,,,,,,,,,,,,
2047,1,45,5358,21-Nov-23,EF6D,0.0000004454,3.19v,0.0000000568,5,14.2,3.2,3.2,207,G72EF6D55,155,,,,,,,,,,,,,,,,,,,
2047,1,46,5347,21-Nov-23,E8AD,0.0000004635,3.19v,0.00000006,5,14.2,3.2,3.2,203,G72E8ADF1,154,,,,,,,,,,,,,,,,,,,
2047,1,47,5358,21-Nov-23,EED3,0.0000004356,3.19v,0.0000000527,5,14.2,3.2,3.2,206,G72EED3BC,153,,,,,,,,,,,,,,,,,,,
2047,1,48,5356,21-Nov-23,EDB6,0.0000004886,3.19v,0.0000000587,5,14.2,3.2,3.2,208,G72EDB6B3,155,,,,,,,,,,,,,,,,,,,
2047,1,49,5350,21-Nov-23,EABB,0.0000004719,3.19v,0.000000056,5,14.2,3.2,3.2,202,G72EABB20,155,,,,,,,,,,,,,,,,,,,
2047,1,50,5350,21-Nov-23,EABF,0.0000004646,3.19v,0.0000000528,5,14.2,3.2,3.2,202,G72EABF41,156,,,,,,,,,,,,,,,,,,,
2047,1,51,5348,21-Nov-23,E9A4,0.0000004631,3.19v,0.000000056,5,14.2,3.2,3.2,206,G72E9A4A9,154,,,,,,,,,,,,,,,,,,,
2047,1,52,5348,21-Nov-23,E97A,0.0000004346,3.19v,0.0000000561,5,14.2,3.2,3.2,201,G72E97AE1,154,,,,,,,,,,,,,,,,,,,
2047,1,53,5347,21-Nov-23,E93A,0.0000004562,3.19v,0.0000000547,5,14.2,3.2,3.2,207,G72E93AA7,153,,,,,,,,,,,,,,,,,,,
2047,1,54,5356,21-Nov-23,EDA6,0.0000004372,3.19v,0.0000000626,5,14.2,3.2,3.2,204,G72EDA62E,153,,,,,,,,,,,,,,,,,,,
2047,1,55,5348,21-Nov-23,E9CA,0.0000004542,3.19v,0.0000000573,5,14.2,3.2,3.2,204,G72E9CAD3,155,,,,,,,,,,,,,,,,,,,
2047,1,56,5357,21-Nov-23,EEA9,0.0000004219,3.19v,0.0000000553,5,14.2,3.2,3.2,208,G72EEA93A,155,,,,,,,,,,,,,,,,,,,
2047,1,57,5347,21-Nov-23,E8CA,0.0000004696,3.19v,0.0000000573,5,14.2,3.2,3.2,204,G72E8CA17,156,,,,,,,,,,,,,,,,,,,
2047,1,58,5348,21-Nov-23,E985,0.0000004086,3.19v,0.0000000564,5,14.2,3.2,3.2,205,G72E985D4,155,,,,,,,,,,,,,,,,,,,
2047,1,59,5349,21-Nov-23,EA23,0.0000004454,3.19v,0.0000000559,5,14.2,3.2,3.2,203,G72EA23F3,154,,,,,,,,,,,,,,,,,,,
2047,1,60,5348,21-Nov-23,E9C5,0.0000004291,3.19v,0.0000000575,5,14.2,3.2,3.2,208,G72E9C592,154,,,,,,,,,,,,,,,,,,,
2047,1,61,5357,21-Nov-23,EE55,0.0000005577,3.19v,0.0000000607,5,14.2,3.2,3.2,207,G72EE55ED,153,,,,,,,,,,,,,,,,,,,
2047,1,62,5356,21-Nov-23,EDC5,0.0000004345,3.19v,0.0000000553,5,14.2,3.2,3.2,206,G72EDC5A9,155,,,,,,,,,,,,,,,,,,,
2047,1,63,5349,21-Nov-23,EA5E,0.0000004941,3.19v,0.000000058,5,14.2,3.2,3.2,204,G72EA5EF6,156,,,,,,,,,,,,,,,,,,,
2047,1,64,5348,21-Nov-23,EA1A,0.0000004382,3.19v,0.0000000566,5,14.2,3.2,3.2,204,G72EA1AD1,154,,,,,,,,,,,,,,,,,,,
2047,1,65,5357,21-Nov-23,EE93,0.0000004619,3.19v,0.0000000575,5,14.2,3.2,3.2,201,G72EE93FA,154,,,,,,,,,,,,,,,,,,,
2047,1,66,5357,21-Nov-23,EE54,0.0000004574,3.19v,0.0000000577,5,14.2,3.2,3.2,207,G72EE54B3,155,,,,,,,,,,,,,,,,,,,
2047,1,67,5357,21-Nov-23,EE91,0.0000004494,3.19v,0.0000000549,5,14.2,3.2,3.2,206,G72EE9146,155,,,,,,,,,,,,,,,,,,,
2047,1,68,5348,21-Nov-23,EA05,0.000000414,3.19v,0.0000000572,5,14.2,3.2,3.2,203,G72EA050D,156,,,,,,,,,,,,,,,,,,,
2047,1,69,5358,21-Nov-23,EF59,0.0000005282,3.19v,0.0000000585,5,14.2,3.2,3.2,206,G72EF598A,154,,,,,,,,,,,,,,,,,,,
2047,1,70,5356,21-Nov-23,EDA5,0.0000004241,3.19v,0.0000000602,5,14.2,3.2,3.2,202,G72EDA5CC,154,,,,,,,,,,,,,,,,,,,
2047,1,71,5350,21-Nov-23,EA9E,0.000000437,3.19v,0.0000000568,5,14.2,3.2,3.2,202,G72EA9E3C,156,,,,,,,,,,,,,,,,,,,
2047,1,72,5358,21-Nov-23,EF25,0.000000478,3.19v,0.0000000518,5,14.2,3.2,3.2,202,G72EF25D1,155,,,,,,,,,,,,,,,,,,,
2047,1,73,5348,21-Nov-23,E99B,0.000000412,3.19v,0.0000000584,5,14.2,3.2,3.2,202,G72E99B56,155,,,,,,,,,,,,,,,,,,,
2047,1,74,5346,21-Nov-23,E82D,0.0000004742,3.19v,0.0000000572,5,14.2,3.2,3.2,200,G72E82D7D,154,,,,,,,,,,,,,,,,,,,
2047,1,75,5348,21-Nov-23,E999,0.0000004373,3.19v,0.0000000566,5,14.2,3.2,3.2,206,G72E999EA,153,,,,,,,,,,,,,,,,,,,
2047,1,76,5358,21-Nov-23,EF4D,0.0000004164,3.19v,0.0000000534,5,14.2,3.2,3.2,205,G72EF4D76,156,,,,,,,,,,,,,,,,,,,
2047,1,77,5349,21-Nov-23,EA5B,0.00000047,3.19v,0.0000000618,5,14.2,3.2,3.2,204,G72EA5BC9,154,,,,,,,,,,,,,,,,,,,
2047,1,78,5357,21-Nov-23,EE51,0.0000004478,3.19v,0.0000000555,5,14.2,3.2,3.2,204,G72EE518C,155,,,,,,,,,,,,,,,,,,,
2047,1,79,5349,21-Nov-23,EA5D,0.0000004399,3.19v,0.0000000614,5,14.2,3.2,3.2,205,G72EA5D14,156,,,,,,,,,,,,,,,,,,,
2047,1,80,5358,21-Nov-23,EEC9,0.0000004308,3.19v,0.0000000516,5,14.2,3.2,3.2,205,G72EEC95F,155,,,,,,,,,,,,,,,,,,,
2047,1,81,5349,21-Nov-23,EA37,0.0000004727,3.19v,0.0000000576,5,14.2,3.2,3.2,203,G72EA370F,155,,,,,,,,,,,,,,,,,,,
2047,1,82,5349,21-Nov-23,EA4E,0.000000445,3.19v,0.0000000588,5,14.2,3.2,3.2,203,G72EA4E6B,153,,,,,,,,,,,,,,,,,,,
2047,1,83,5350,21-Nov-23,EA88,0.0000004915,3.19v,0.0000000585,5,14.2,3.2,3.2,204,G72EA887C,153,,,,,,,,,,,,,,,,,,,
2047,1,84,5350,21-Nov-23,EA93,0.0000005064,3.19v,0.0000000582,5,14.2,3.2,3.2,203,G72EA93C1,156,,,,,,,,,,,,,,,,,,,
2047,1,85,5358,21-Nov-23,F0B5,0.000000416,3.19v,0.0000000572,5,14.2,3.2,3.2,203,G72F0B534,155,,,,,,,,,,,,,,,,,,,
2047,1,86,5349,21-Nov-23,EA50,0.0000005928,3.19v,0.0000000602,5,14.2,3.2,3.2,206,G72EA50E9,155,,,,,,,,,,,,,,,,,,,
2047,1,87,5349,21-Nov-23,EA2C,0.0000004773,3.19v,0.000000058,5,14.2,3.2,3.2,206,G72EA2CB2,155,,,,,,,,,,,,,,,,,,,
2047,1,88,5346,21-Nov-23,7285,0.0000004156,3.19v,0.0000000539,5,14.2,3.2,3.2,205,G72728534,155,,,,,,,,,,,,,,,,,,,
2047,1,89,5356,21-Nov-23,ED63,0.0000004329,3.19v,0.0000000548,5,14.2,3.2,3.2,208,G72ED63DB,153,,,,,,,,,,,,,,,,,,,
2047,1,90,5346,21-Nov-23,E845,0.0000004586,3.19v,0.0000000589,5,14.2,3.2,3.2,201,G72E845DA,156,,,,,,,,,,,,,,,,,,,
2047,1,91,5346,21-Nov-23,7258,0.0000004204,3.19v,0.0000000528,5,14.2,3.2,3.2,204,G7272589E,155,,,,,,,,,,,,,,,,,,,
2047,1,92,5356,21-Nov-23,EDA3,0.0000004141,3.19v,0.0000000586,5,14.2,3.2,3.2,203,G72EDA311,155,,,,,,,,,,,,,,,,,,,
2047,1,93,5350,21-Nov-23,EA84,0.00000044,3.19v,0.0000000593,5,14.2,3.2,3.2,208,G72EA84DF,154,,,,,,,,,,,,,,,,,,,
2047,1,94,5358,21-Nov-23,F135,0.0000004479,3.19v,0.000000059,5,14.2,3.2,3.2,202,G72F1357C,155,,,,,,,,,,,,,,,,,,,
2047,1,95,5356,21-Nov-23,ED7D,0.0000004564,3.19v,0.0000000584,5,14.2,3.2,3.2,207,G72ED7D59,155,,,,,,,,,,,,,,,,,,,
2047,1,96,5356,21-Nov-23,EDA1,0.0000004872,3.19v,0.0000000581,5,14.2,3.2,3.2,204,G72EDA1AD,154,,,,,,,,,,,,,,,,,,,
2047,1,97,5356,21-Nov-23,ED8A,0.000000695,3.19v,0.0000000592,5,14.2,3.2,3.2,208,G72ED8AAE,153,,,,,,,,,,,,,,,,,,,
2047,1,98,5357,21-Nov-23,EE5A,0.0000004754,3.19v,0.0000000563,5,14.2,3.2,3.2,205,G72EE5AAC,154,,,,,,,,,,,,,,,,,,,
2047,1,99,5356,21-Nov-23,ED6B,0.0000004113,3.19v,0.0000000573,5,14.2,3.2,3.2,205,G72ED6B19,156,,,,,,,,,,,,,,,,,,,
2047,1,100,5350,21-Nov-23,EAD5,0.0000004972,3.19v,0.0000000528,5,14.2,3.2,3.2,207,G72EAD55A,155,,,,,,,,,,,,,,,,,,,
2047,1,101,5358,21-Nov-23,F0A9,0.0000004843,3.19v,0.0000000597,5,14.2,3.2,3.2,203,G72F0A90A,156,,,,,,,,,,,,,,,,,,,
2047,1,102,5346,21-Nov-23,E835,0.0000004756,3.19v,0.0000000601,5,14.2,3.2,3.2,207,G72E83522,155,,,,,,,,,,,,,,,,,,,
2047,1,103,5357,21-Nov-23,EEA1,0.0000005037,3.19v,0.0000000596,5,14.2,3.2,3.2,208,G72EEA1F8,155,,,,,,,,,,,,,,,,,,,
2047,1,104,5350,21-Nov-23,EA79,0.0000005231,3.19v,0.0000000587,5,14.2,3.2,3.2,203,G72EA7956,156,,,,,,,,,,,,,,,,,,,
2047,1,105,5349,21-Nov-23,EA35,0.0000004642,3.19v,0.0000000594,5,14.2,3.2,3.2,206,G72EA35B3,155,,,,,,,,,,,,,,,,,,,
2047,1,106,5349,21-Nov-23,EA25,0.0000004471,3.19v,0.0000000549,5,14.2,3.2,3.2,204,G72EA252E,154,,,,,,,,,,,,,,,,,,,
2047,1,107,5357,21-Nov-23,EEAE,0.0000004319,3.19v,0.0000000572,5,14.2,3.2,3.2,208,G72EEAEB9,155,,,,,,,,,,,,,,,,,,,
2047,1,108,5356,21-Nov-23,EDC9,0.000000576,3.19v,0.0000000595,5,14.2,3.2,3.2,205,G72EDC90A,153,,,,,,,,,,,,,,,,,,,
2047,1,109,5347,21-Nov-23,E8C5,0.000000457,3.19v,0.0000000618,5,14.2,3.2,3.2,205,G72E8C556,156,,,,,,,,,,,,,,,,,,,
2047,1,110,5357,21-Nov-23,EEB5,0.0000005498,3.19v,0.0000000577,5,14.2,3.2,3.2,203,G72EEB504,155,,,,,,,,,,,,,,,,,,,
2047,1,111,5346,21-Nov-23,72A1,0.0000005817,3.19v,0.0000000573,5,14.2,3.2,3.2,203,G7272A176,156,,,,,,,,,,,,,,,,,,,
2047,1,112,5350,21-Nov-23,EA85,0.0000005278,3.19v,0.0000000564,5,14.2,3.2,3.2,206,G72EA8581,154,,,,,,,,,,,,,,,,,,,
2047,1,113,5357,21-Nov-23,EE6B,0.0000003792,3.19v,0.0000000582,5,14.2,3.2,3.2,206,G72EE6B4C,155,,,,,,,,,,,,,,,,,,,
2047,1,114,5356,21-Nov-23,ED77,0.0000004292,3.19v,0.0000000557,5,14.2,3.2,3.2,208,G72ED7727,157,,,,,,,,,,,,,,,,,,,
2047,1,115,5349,21-Nov-23,EA46,0.0000004785,3.19v,0.0000000585,5,14.2,3.2,3.2,206,G72EA46A9,155,,,,,,,,,,,,,,,,,,,
2047,1,116,5346,21-Nov-23,E854,0.0000004591,3.19v,0.0000000593,5,14.2,3.2,3.2,198,G72E85419,156,,,,,,,,,,,,,,,,,,,
2047,1,117,5346,21-Nov-23,72A2,0.0000004444,3.19v,0.0000000561,5,14.2,3.2,3.2,207,G7272A294,155,,,,,,,,,,,,,,,,,,,
2047,1,118,5356,21-Nov-23,ED71,0.0000004075,3.19v,0.0000000557,5,14.2,3.2,3.2,209,G72ED71FA,156,,,,,,,,,,,,,,,,,,,
2047,1,119,5350,21-Nov-23,EAC5,0.0000004822,3.19v,0.0000000549,5,14.2,3.2,3.2,204,G72EAC5C7,155,,,,,,,,,,,,,,,,,,,
2047,1,120,5349,21-Nov-23,EA53,0.0000004748,3.19v,0.0000000595,5,14.2,3.2,3.2,205,G72EA530B,156,,,,,,,,,,,,,,,,,,,
2047,1,121,5356,21-Nov-23,ED8B,0.0000004691,3.19v,0.0000000591,5,14.2,3.2,3.2,202,G72ED8BF0,156,,,,,,,,,,,,,,,,,,,
2047,1,122,5358,21-Nov-23,EEBA,0.000000525,3.19v,0.0000000529,5,14.2,3.2,3.2,203,G72EEBA45,155,,,,,,,,,,,,,,,,,,,
2047,1,123,5358,21-Nov-23,EEB9,0.0000004744,3.19v,0.000000051,5,14.2,3.2,3.2,204,G72EEB9A7,153,,,,,,,,,,,,,,,,,,,
2047,1,124,5349,21-Nov-23,EA66,0.0000005078,3.19v,0.0000000616,5,14.2,3.2,3.2,204,G72EA668A,156,,,,,,,,,,,,,,,,,,,
2047,1,125,5346,21-Nov-23,725C,0.0000004254,3.19v,0.0000000522,5,14.2,3.2,3.2,210,G72725CFF,154,,,,,,,,,,,,,,,,,,,
2047,1,126,5357,21-Nov-23,EEB4,0.0000004344,3.19v,0.0000000575,5,14.2,3.2,3.2,203,G72EEB45A,154,,,,,,,,,,,,,,,,,,,
2047,1,127,5357,21-Nov-23,EE9B,0.0000004651,3.19v,0.0000000578,5,14.2,3.2,3.2,206,G72EE9B38,155,,,,,,,,,,,,,,,,,,,
2047,1,128,5356,21-Nov-23,EDAD,0.0000005247,3.19v,0.0000000579,5,14.2,3.2,3.2,200,G72EDAD0E,155,,,,,,,,,,,,,,,,,,,
2047,1,129,5348,21-Nov-23,EA15,0.000000431,3.19v,0.0000000544,5,14.2,3.2,3.2,204,G72EA1590,155,,,,,,,,,,,,,,,,,,,
2047,1,130,5347,21-Nov-23,E943,0.0000007021,3.19v,0.0000000512,5,14.2,3.2,3.2,203,G72E943C3,154,,,,,,,,,,,,,,,,,,,
2047,1,131,5348,21-Nov-23,E9E5,0.0000005425,3.19v,0.0000000565,5,14.2,3.2,3.2,204,G72E9E5B1,156,,,,,,,,,,,,,,,,,,,
2047,1,132,5356,21-Nov-23,ED96,0.0000004497,3.19v,0.000000059,5,14.2,3.2,3.2,203,G72ED9690,154,,,,,,,,,,,,,,,,,,,
2047,1,133,5358,21-Nov-23,EF15,0.0000004914,3.19v,0.0000000541,5,14.2,3.2,3.2,205,G72EF156F,155,,,,,,,,,,,,,,,,,,,
2047,1,134,5349,21-Nov-23,EA2B,0.0000005563,3.19v,0.0000000561,5,14.2,3.2,3.2,205,G72EA2B31,155,,,,,,,,,,,,,,,,,,,
2047,1,135,5356,21-Nov-23,ED47,0.0000004895,3.19v,0.0000000536,5,14.2,3.2,3.2,204,G72ED4799,156,,,,,,,,,,,,,,,,,,,
2047,1,136,5358,21-Nov-23,EF54,0.0000004652,3.19v,0.0000000552,5,14.2,3.2,3.2,205,G72EF5477,155,,,,,,,,,,,,,,,,,,,
2047,1,137,5348,21-Nov-23,E997,0.0000005202,3.19v,0.0000000566,5,14.2,3.2,3.2,203,G72E997F5,155,,,,,,,,,,,,,,,,,,,
2047,1,138,5346,21-Nov-23,729E,0.0000004272,3.19v,0.0000000557,5,14.2,3.2,3.2,207,G72729E89,153,,,,,,,,,,,,,,,,,,,
2047,1,139,5346,21-Nov-23,727A,0.000000399,3.19v,0.0000000536,5,14.2,3.2,3.2,205,G72727A01,154,,,,,,,,,,,,,,,,,,,
2047,1,140,5347,21-Nov-23,E8B9,0.0000004528,3.19v,0.0000000697,5,14.2,3.2,3.2,203,G72E8B90D,153,,,,,,,,,,,,,,,,,,,
2047,1,141,5347,21-Nov-23,E8D7,0.000000451,3.19v,0.0000000559,5,14.2,3.2,3.2,204,G72E8D777,156,,,,,,,,,,,,,,,,,,,
2047,1,142,5357,21-Nov-23,EE97,0.0000004589,3.19v,0.0000000579,5,14.2,3.2,3.2,204,G72EE979B,153,,,,,,,,,,,,,,,,,,,
2047,1,143,5358,21-Nov-23,EF69,0.0000004811,3.19v,0.0000000572,5,14.2,3.2,3.2,202,G72EF6934,157,,,,,,,,,,,,,,,,,,,
2047,1,144,5357,21-Nov-23,EEB2,0.0000004301,3.19v,0.0000000566,5,14.2,3.2,3.2,207,G72EEB287,155,,,,,,,,,,,,,,,,,,,
2047,1,145,5347,21-Nov-23,E8CD,0.0000004444,3.19v,0.00000006,5,14.2,3.2,3.2,205,G72E8CD94,156,,,,,,,,,,,,,,,,,,,
2047,1,146,5358,21-Nov-23,EEC5,0.000000428,3.19v,0.0000000533,5,14.2,3.2,3.2,205,G72EEC5FC,155,,,,,,,,,,,,,,,,,,,
2047,1,147,5348,21-Nov-23,E9A5,0.0000004507,3.19v,0.0000000527,5,14.2,3.2,3.2,203,G72E9A5F7,154,,,,,,,,,,,,,,,,,,,
2047,1,148,5358,21-Nov-23,EF55,0.0000004375,3.19v,0.0000000573,5,14.2,3.2,3.2,203,G72EF5529,156,,,,,,,,,,,,,,,,,,,
2047,1,149,5348,21-Nov-23,E9A8,0.000000504,3.19v,0.0000000573,5,14.2,3.2,3.2,204,G72E9A80A,153,,,,,,,,,,,,,,,,,,,
2047,1,150,5350,21-Nov-23,EA98,0.0000004678,3.19v,0.000000059,5,14.2,3.2,3.2,206,G72EA98E1,154,,,,,,,,,,,,,,,,,,,
2047,1,151,5349,21-Nov-23,EA43,0.0000004879,3.19v,0.0000000571,5,14.2,3.2,3.2,204,G72EA4396,153,,,,,,,,,,,,,,,,,,,
2047,1,152,5356,21-Nov-23,ED9B,0.0000004556,3.19v,0.0000000579,5,14.2,3.2,3.2,201,G72ED9B6D,153,,,,,,,,,,,,,,,,,,,
2047,1,153,5350,21-Nov-23,EAB0,0.0000004711,3.19v,0.0000000591,5,14.2,3.2,3.2,204,G72EAB000,155,,,,,,,,,,,,,,,,,,,
2047,1,154,5348,21-Nov-23,E9B6,0.0000004343,3.19v,0.0000000604,5,14.2,3.2,3.2,208,G72E9B688,156,,,,,,,,,,,,,,,,,,,
2047,1,155,5350,21-Nov-23,EA73,0.0000004782,3.19v,0.0000000596,5,14.2,3.2,3.2,201,G72EA7328,153,,,,,,,,,,,,,,,,,,,
2047,1,156,5347,21-Nov-23,E8BB,0.000000458,3.19v,0.0000000594,5,14.2,3.2,3.2,204,G72E8BBB1,155,,,,,,,,,,,,,,,,,,,
2047,1,157,5358,21-Nov-23,EF5A,0.0000005698,3.19v,0.0000000576,5,14.2,3.2,3.2,205,G72EF5A68,155,,,,,,,,,,,,,,,,,,,
2047,1,158,5357,21-Nov-23,EE95,0.0000005057,3.19v,0.0000000582,5,14.2,3.2,3.2,204,G72EE9527,156,,,,,,,,,,,,,,,,,,,
2047,1,159,5350,21-Nov-23,EAD0,0.0000004861,3.19v,0.0000000529,5,14.2,3.2,3.2,203,G72EAD065,155,,,,,,,,,,,,,,,,,,,
2047,1,160,5357,21-Nov-23,EE57,0.0000004419,3.19v,0.0000000578,5,14.2,3.2,3.2,207,G72EE5751,155,,,,,,,,,,,,,,,,,,,
2047,1,161,5358,21-Nov-23,EFD5,0.0000004614,3.19v,0.0000000564,5,14.2,3.2,3.2,200,G72EFD5A5,156,,,,,,,,,,,,,,,,,,,
2047,1,162,5348,21-Nov-23,EA09,0.0000004362,3.19v,0.0000000551,5,14.2,3.2,3.2,204,G72EA09AE,154,,,,,,,,,,,,,,,,,,,
2047,1,163,5346,21-Nov-23,E7A9,0.0000004566,3.19v,0.0000000618,5,14.2,3.2,3.2,201,G72E7A988,155,,,,,,,,,,,,,,,,,,,
2047,1,164,5356,21-Nov-23,ED99,0.0000004517,3.19v,0.0000000569,5,14.2,3.2,3.2,203,G72ED99D1,155,,,,,,,,,,,,,,,,,,,
2047,1,165,5357,21-Nov-23,EE9D,0.0000004267,3.19v,0.0000000581,5,14.2,3.2,3.2,206,G72EE9DE5,156,,,,,,,,,,,,,,,,,,,
2047,1,166,5347,21-Nov-23,E8D1,0.0000004191,3.19v,0.0000000565,5,14.2,3.2,3.2,206,G72E8D1AA,155,,,,,,,,,,,,,,,,,,,
2047,1,167,5346,21-Nov-23,72A3,0.0000004974,3.19v,0.0000000557,5,14.2,3.2,3.2,204,G7272A3CA,156,,,,,,,,,,,,,,,,,,,
2047,1,168,5348,21-Nov-23,E9B1,0.0000006243,3.19v,0.0000000595,5,14.2,3.2,3.2,207,G72E9B10B,156,,,,,,,,,,,,,,,,,,,
2047,1,169,5349,21-Nov-23,EA48,0.0000005282,3.19v,0.0000000624,5,14.2,3.2,3.2,207,G72EA48B6,156,,,,,,,,,,,,,,,,,,,
2047,1,170,5350,21-Nov-23,EAA0,0.0000004997,3.19v,0.0000000566,5,14.2,3.2,3.2,200,G72EAA09D,156,,,,,,,,,,,,,,,,,,,
2047,1,171,5347,21-Nov-23,E8CB,0.0000006184,3.19v,0.0000000595,5,14.2,3.2,3.2,207,G72E8CB49,157,,,,,,,,,,,,,,,,,,,
2047,1,172,5356,21-Nov-23,EDA9,0.0000004778,3.19v,0.0000000591,5,14.2,3.2,3.2,207,G72EDA96F,154,,,,,,,,,,,,,,,,,,,
2047,1,173,5348,21-Nov-23,E9BB,0.0000003971,3.19v,0.0000000572,5,14.2,3.2,3.2,209,G72E9BB75,156,,,,,,,,,,,,,,,,,,,
2047,1,174,5358,21-Nov-23,EF75,0.0000004783,3.19v,0.000000056,5,14.2,3.2,3.2,205,G72EF750A,154,,,,,,,,,,,,,,,,,,,
2047,1,175,5348,21-Nov-23,E994,0.0000004592,3.19v,0.0000000563,5,14.2,3.2,3.2,204,G72E99417,155,,,,,,,,,,,,,,,,,,,
2047,1,176,5350,21-Nov-23,EA8F,0.0000005728,3.19v,0.0000000621,5,14.2,3.2,3.2,206,G72EA8FFF,157,,,,,,,,,,,,,,,,,,,
2047,1,177,5348,21-Nov-23,E9D1,0.0000004986,3.19v,0.0000000551,5,14.2,3.2,3.2,205,G72E9D16E,156,,,,,,,,,,,,,,,,,,,
2047,1,178,5358,21-Nov-23,EF52,0.0000006634,3.19v,0.0000000553,5,14.2,3.2,3.2,206,G72EF52AA,155,,,,,,,,,,,,,,,,,,,
2047,1,179,5349,21-Nov-23,EA22,0.0000004462,3.19v,0.0000000541,5,14.2,3.2,3.2,208,G72EA22AD,155,,,,,,,,,,,,,,,,,,,
2047,1,180,5347,21-Nov-23,E935,0.0000004634,3.19v,0.0000000548,5,14.2,3.2,3.2,202,G72E935E6,154,,,,,,,,,,,,,,,,,,,
2047,1,181,5346,21-Nov-23,7298,0.0000004607,3.19v,0.0000000553,5,14.2,3.2,3.2,203,G72729854,153,,,,,,,,,,,,,,,,,,,
2047,1,182,5357,21-Nov-23,EE9A,0.0000004313,3.19v,0.000000059,5,14.2,3.2,3.2,204,G72EE9A66,155,,,,,,,,,,,,,,,,,,,
2047,1,183,5358,21-Nov-23,EEB6,0.0000004726,3.19v,0.0000000541,5,14.2,3.2,3.2,207,G72EEB6E6,153,,,,,,,,,,,,,,,,,,,
2047,1,184,5347,21-Nov-23,E8C9,0.0000004418,3.19v,0.0000000581,5,14.2,3.2,3.2,207,G72E8C9F5,155,,,,,,,,,,,,,,,,,,,
2047,1,185,5346,21-Nov-23,E7D5,0.0000004191,3.19v,0.0000000573,5,14.2,3.2,3.2,206,G72E7D5D3,155,,,,,,,,,,,,,,,,,,,
2047,1,186,5348,21-Nov-23,EA19,0.0000005865,3.19v,0.0000000565,5,14.2,3.2,3.2,204,G72EA1933,156,,,,,,,,,,,,,,,,,,,
2047,1,187,5356,21-Nov-23,ED92,0.00000046,3.19v,0.0000000597,5,14.2,3.2,3.2,205,G72ED92F1,155,,,,,,,,,,,,,,,,,,,
2047,1,188,5346,21-Nov-23,728E,0.0000004309,3.19v,0.0000000529,5,14.2,3.2,3.2,204,G72728E14,155,,,,,,,,,,,,,,,,,,,
2047,1,189,5356,21-Nov-23,ED65,0.0000004307,3.19v,0.0000000546,5,14.2,3.2,3.2,206,G72ED6506,155,,,,,,,,,,,,,,,,,,,
2047,1,190,5346,21-Nov-23,E8AC,0.0000004761,3.19v,0.0000000564,5,14.2,3.2,3.2,201,G72E8ACAF,155,,,,,,,,,,,,,,,,,,,
2047,1,191,5356,21-Nov-23,EDD6,0.0000004382,3.19v,0.0000000593,5,14.2,3.2,3.2,206,G72EDD6D6,153,,,,,,,,,,,,,,,,,,,
2047,1,192,5358,21-Nov-23,EF29,0.0000004327,3.19v,0.0000000508,5,14.2,3.2,3.2,205,G72EF2972,155,,,,,,,,,,,,,,,,,,,
2047,1,193,5349,21-Nov-23,EA51,0.0000004386,3.19v,0.0000000601,5,14.2,3.2,3.2,209,G72EA51B7,155,,,,,,,,,,,,,,,,,,,
2047,1,194,5350,21-Nov-23,EA6F,0.0000004857,3.19v,0.0000000578,5,14.2,3.2,3.2,202,G72EA6F16,153,,,,,,,,,,,,,,,,,,,
2047,1,195,5358,21-Nov-23,EFA9,0.0000004658,3.19v,0.0000000601,5,14.2,3.2,3.2,206,G72EFA9FE,155,,,,,,,,,,,,,,,,,,,
2047,1,196,5349,21-Nov-23,EA3A,0.0000004471,3.19v,0.0000000566,5,14.2,3.2,3.2,203,G72EA3AF2,155,,,,,,,,,,,,,,,,,,,
2047,1,197,5358,21-Nov-23,F0AD,0.0000004684,3.19v,0.0000000572,5,14.2,3.2,3.2,204,G72F0AD6B,154,,,,,,,,,,,,,,,,,,,
2047,1,198,5348,21-Nov-23,E96E,0.0000004937,3.19v,0.0000000543,5,14.2,3.2,3.2,202,G72E96E1D,155,,,,,,,,,,,,,,,,,,,
2047,1,199,5357,21-Nov-23,EEA3,0.000000487,3.19v,0.0000000602,5,14.2,3.2,3.2,208,G72EEA344,154,,,,,,,,,,,,,,,,,,,
2047,1,200,5346,21-Nov-23,E892,0.0000004516,3.19v,0.0000000608,5,14.2,3.2,3.2,199,G72E8920E,154,,,,,,,,,,,,,,,,,,,
2047,1,201,5346,21-Nov-23,E84B,0.0000004462,3.19v,0.0000000565,5,14.2,3.2,3.2,202,G72E84BC5,154,,,,,,,,,,,,,,,,,,,
2047,1,202,5358,21-Nov-23,F0AB,0.0000004287,3.19v,0.0000000578,5,14.2,3.2,3.2,204,G72F0ABB6,155,,,,,,,,,,,,,,,,,,,
2047,1,203,5348,21-Nov-23,E9A2,0.0000004183,3.19v,0.0000000593,5,14.2,3.2,3.2,206,G72E9A274,155,,,,,,,,,,,,,,,,,,,
2047,1,204,5350,21-Nov-23,EA8C,0.0000004402,3.19v,0.000000058,5,14.2,3.2,3.2,204,G72EA8C1D,156,,,,,,,,,,,,,,,,,,,
2047,1,205,5348,21-Nov-23,E9A3,0.0000004511,3.19v,0.0000000565,5,14.2,3.2,3.2,206,G72E9A32A,155,,,,,,,,,,,,,,,,,,,
2047,1,206,5348,21-Nov-23,EA11,0.0000004482,3.19v,0.0000000534,5,14.2,3.2,3.2,201,G72EA11F1,155,,,,,,,,,,,,,,,,,,,
2047,1,207,5349,21-Nov-23,EA4D,0.0000004771,3.19v,0.0000000585,5,14.2,3.2,3.2,205,G72EA4D89,154,,,,,,,,,,,,,,,,,,,
2047,1,208,5356,21-Nov-23,EDBB,0.0000004091,3.19v,0.0000000564,5,14.2,3.2,3.2,206,G72EDBB4E,156,,,,,,,,,,,,,,,,,,,
2047,1,209,5348,21-Nov-23,E996,0.0000004253,3.19v,0.0000000566,5,14.2,3.2,3.2,205,G72E996AB,155,,,,,,,,,,,,,,,,,,,
2047,1,210,5346,21-Nov-23,E8A6,0.0000004294,3.19v,0.0000000575,5,14.2,3.2,3.2,201,G72E8A6D1,155,,,,,,,,,,,,,,,,,,,
2047,1,211,5346,21-Nov-23,7286,0.0000004476,3.19v,0.0000000535,5,14.2,3.2,3.2,203,G727286D6,155,,,,,,,,,,,,,,,,,,,
2047,1,212,5358,21-Nov-23,EED7,0.0000004157,3.19v,0.0000000515,5,14.2,3.2,3.2,203,G72EED7DD,153,,,,,,,,,,,,,,,,,,,
2047,1,213,5349,21-Nov-23,EA1D,0.0000004922,3.19v,0.0000000567,5,14.2,3.2,3.2,200,G72EA1D52,157,,,,,,,,,,,,,,,,,,,
2047,1,214,5347,21-Nov-23,E8D9,0.0000004544,3.19v,0.0000000597,5,14.2,3.2,3.2,208,G72E8D968,155,,,,,,,,,,,,,,,,,,,
2047,1,215,5346,21-Nov-23,E88B,0.0000005143,3.19v,0.0000000602,5,14.2,3.2,3.2,204,G72E88B0F,155,,,,,,,,,,,,,,,,,,,
2047,1,216,5348,21-Nov-23,EA17,0.0000004819,3.19v,0.0000000563,5,14.2,3.2,3.2,205,G72EA172C,154,,,,,,,,,,,,,,,,,,,
2047,1,217,5347,21-Nov-23,E8BA,0.0000004645,3.19v,0.0000000602,5,14.2,3.2,3.2,203,G72E8BAEF,156,,,,,,,,,,,,,,,,,,,
2047,1,218,5347,21-Nov-23,E963,0.0000004489,3.19v,0.0000000523,5,14.2,3.2,3.2,207,G72E963E0,153,,,,,,,,,,,,,,,,,,,
2047,1,219,5346,21-Nov-23,E896,0.0000004578,3.19v,0.0000000584,5,14.2,3.2,3.2,203,G72E8966F,154,,,,,,,,,,,,,,,,,,,
2047,1,220,5347,21-Nov-23,E915,0.0000004666,3.19v,0.0000000599,5,14.2,3.2,3.2,206,G72E915C5,153,,,,,,,,,,,,,,,,,,,
2047,1,221,5358,21-Nov-23,EED2,0.0000004563,3.19v,0.0000000519,5,14.2,3.2,3.2,205,G72EED2E2,155,,,,,,,,,,,,,,,,,,,
2047,1,222,5357,21-Nov-23,EEA4,0.0000004923,3.19v,0.0000000592,5,14.2,3.2,3.2,204,G72EEA4C7,156,,,,,,,,,,,,,,,,,,,
2047,1,223,5346,21-Nov-23,E893,0.0000004531,3.19v,0.0000000586,5,14.2,3.2,3.2,207,G72E89350,155,,,,,,,,,,,,,,,,,,,
2047,1,224,5350,21-Nov-23,EA83,0.0000005572,3.19v,0.0000000596,5,14.2,3.2,3.2,205,G72EA835C,153,,,,,,,,,,,,,,,,,,,
2047,1,225,5348,21-Nov-23,E9AD,0.0000004322,3.19v,0.0000000581,5,14.2,3.2,3.2,204,G72E9AD35,155,,,,,,,,,,,,,,,,,,,
2047,2,1,5346,21-Nov-23,E8AA,0.0000004403,3.19v,0.0000000561,5,14.2,3.2,3.2,206,G72E8AA72,156,,,,,,,,,,,,,,,,,,,
2047,2,2,5357,21-Nov-23,EE94,0.0000004491,3.19v,0.0000000568,5,14.2,3.2,3.2,206,G72EE9479,155,,,,,,,,,,,,,,,,,,,
2047,2,3,5357,21-Nov-23,EEAB,0.0000007288,3.19v,0.0000000561,5,14.2,3.2,3.2,206,G72EEAB86,156,,,,,,,,,,,,,,,,,,,
2047,2,4,5350,21-Nov-23,EA6B,0.0000004624,3.19v,0.0000000647,5,14.2,3.2,3.2,201,G72EA6B77,156,,,,,,,,,,,,,,,,,,,
2047,2,5,5356,21-Nov-23,ED67,0.0000004288,3.19v,0.0000000556,5,14.2,3.2,3.2,207,G72ED67BA,154,,,,,,,,,,,,,,,,,,,
2047,2,6,5356,21-Nov-23,EDA2,0.0000004598,3.19v,0.0000000609,5,14.2,3.2,3.2,207,G72EDA24F,153,,,,,,,,,,,,,,,,,,,
2047,2,7,5349,21-Nov-23,EA21,0.0000004526,3.19v,0.0000000561,5,14.2,3.2,3.2,206,G72EA214F,156,,,,,,,,,,,,,,,,,,,
2047,2,8,5356,21-Nov-23,ED66,0.0000004124,3.19v,0.0000000537,5,14.2,3.2,3.2,209,G72ED66E4,155,,,,,,,,,,,,,,,,,,,
2047,2,9,5349,21-Nov-23,EA24,0.00000045,3.19v,0.0000000563,5,14.2,3.2,3.2,207,G72EA2470,156,,,,,,,,,,,,,,,,,,,
2047,2,10,5349,21-Nov-23,EA4F,0.000000507,3.19v,0.0000000604,5,14.2,3.2,3.2,204,G72EA4F35,156,,,,,,,,,,,,,,,,,,,
2047,2,11,5350,21-Nov-23,EA90,0.0000004645,3.19v,0.0000000581,5,14.2,3.2,3.2,204,G72EA9023,155,,,,,,,,,,,,,,,,,,,
2047,2,12,5357,21-Nov-23,EE59,0.0000004189,3.19v,0.0000000559,5,14.2,3.2,3.2,205,G72EE594E,155,,,,,,,,,,,,,,,,,,,
2047,2,13,5356,21-Nov-23,EDA4,0.0000004835,3.19v,0.0000000603,5,14.2,3.2,3.2,204,G72EDA492,156,,,,,,,,,,,,,,,,,,,
2047,2,14,5357,21-Nov-23,EEA7,0.0000004481,3.19v,0.0000000565,5,14.2,3.2,3.2,203,G72EEA725,157,,,,,,,,,,,,,,,,,,,
2047,2,15,5347,21-Nov-23,E91B,0.0000005126,3.19v,0.0000000533,5,14.2,3.2,3.2,204,G72E91BDA,154,,,,,,,,,,,,,,,,,,,
2047,2,16,5347,21-Nov-23,E95C,0.0000004475,3.19v,0.0000000528,5,14.2,3.2,3.2,207,G72E95C1F,156,,,,,,,,,,,,,,,,,,,
2047,2,17,5347,21-Nov-23,E8B2,0.000000429,3.19v,0.000000058,5,14.2,3.2,3.2,204,G72E8B22D,155,,,,,,,,,,,,,,,,,,,
2047,2,18,5350,21-Nov-23,EAB7,0.0000005082,3.19v,0.0000000577,5,14.2,3.2,3.2,203,G72EAB783,156,,,,,,,,,,,,,,,,,,,
2047,2,19,5348,21-Nov-23,E968,0.0000004375,3.19v,0.0000000545,5,14.2,3.2,3.2,206,G72E968C0,157,,,,,,,,,,,,,,,,,,,
2047,2,20,5348,21-Nov-23,EA0A,0.0000004779,3.19v,0.0000000543,5,14.2,3.2,3.2,205,G72EA0A4C,156,,,,,,,,,,,,,,,,,,,
2047,2,21,5356,21-Nov-23,ED57,0.000000446,3.19v,0.0000000553,5,14.2,3.2,3.2,204,G72ED5704,154,,,,,,,,,,,,,,,,,,,
2047,2,22,5348,21-Nov-23,E9AC,0.0000005631,3.19v,0.0000000553,5,14.2,3.2,3.2,204,G72E9AC6B,156,,,,,,,,,,,,,,,,,,,
2047,2,23,5349,21-Nov-23,EA39,0.0000005355,3.19v,0.0000000569,5,14.2,3.2,3.2,205,G72EA3910,154,,,,,,,,,,,,,,,,,,,
2047,2,24,5350,21-Nov-23,EA81,0.0000004783,3.19v,0.00000006,5,14.2,3.2,3.2,204,G72EA81E0,155,,,,,,,,,,,,,,,,,,,
2047,2,25,5349,21-Nov-23,EA3D,0.00000053,3.19v,0.0000000596,5,14.2,3.2,3.2,208,G72EA3D71,156,,,,,,,,,,,,,,,,,,,
2047,2,26,5349,21-Nov-23,EA2D,0.0000004961,3.19v,0.0000000551,5,14.2,3.2,3.2,208,G72EA2DEC,155,,,,,,,,,,,,,,,,,,,
2047,2,27,5350,21-Nov-23,EA8E,0.0000004941,3.19v,0.0000000575,5,14.2,3.2,3.2,202,G72EA8EA1,155,,,,,,,,,,,,,,,,,,,
2047,2,28,5347,21-Nov-23,E8D4,0.0000004612,3.19v,0.0000000577,5,14.2,3.2,3.2,204,G72E8D495,154,,,,,,,,,,,,,,,,,,,
2047,2,29,5358,21-Nov-23,F125,0.0000006448,3.19v,0.0000000573,5,14.2,3.2,3.2,206,G72F125E1,156,,,,,,,,,,,,,,,,,,,
2047,2,30,5357,21-Nov-23,EEA8,0.0000004418,3.19v,0.0000000562,5,14.2,3.2,3.2,208,G72EEA864,156,,,,,,,,,,,,,,,,,,,
2047,2,31,5357,21-Nov-23,EE15,0.0000008934,3.19v,0.0000000537,5,14.2,3.2,3.2,204,G72EE15AB,155,,,,,,,,,,,,,,,,,,,
2047,2,32,5357,21-Nov-23,EEAD,0.0000004348,3.19v,0.0000000573,5,14.2,3.2,3.2,206,G72EEAD5B,155,,,,,,,,,,,,,,,,,,,
2047,2,33,5346,21-Nov-23,7294,0.0000004568,3.19v,0.000000053,5,14.2,3.2,3.2,201,G727294F7,156,,,,,,,,,,,,,,,,,,,
2047,2,34,5356,21-Nov-23,EDD1,0.0000005962,3.19v,0.000000061,5,14.2,3.2,3.2,204,G72EDD155,156,,,,,,,,,,,,,,,,,,,
2047,2,35,5346,21-Nov-23,7266,0.0000004223,3.19v,0.0000000532,5,14.2,3.2,3.2,206,G7272663F,155,,,,,,,,,,,,,,,,,,,
2047,2,36,5350,21-Nov-23,EA67,0.0000004637,3.19v,0.0000000594,5,14.2,3.2,3.2,204,G72EA67D4,153,,,,,,,,,,,,,,,,,,,
2047,2,37,5346,21-Nov-23,7288,0.0000004878,3.19v,0.0000000534,5,14.2,3.2,3.2,200,G727288C9,155,,,,,,,,,,,,,,,,,,,
2047,2,38,5349,21-Nov-23,EA44,0.0000005449,3.19v,0.0000000609,5,14.2,3.2,3.2,209,G72EA4415,153,,,,,,,,,,,,,,,,,,,
2047,2,39,5349,21-Nov-23,EA28,0.0000004344,3.19v,0.0000000575,5,14.2,3.2,3.2,208,G72EA28D3,154,,,,,,,,,,,,,,,,,,,
2047,2,40,5350,21-Nov-23,EAA3,0.0000004541,3.19v,0.0000000559,5,14.2,3.2,3.2,203,G72EAA37F,155,,,,,,,,,,,,,,,,,,,
2047,2,41,5357,21-Nov-23,EE25,0.000000532,3.19v,0.000000056,5,14.2,3.2,3.2,205,G72EE2515,153,,,,,,,,,,,,,,,,,,,
2047,2,42,5358,21-Nov-23,EF4A,0.0000006158,3.19v,0.0000000537,5,14.2,3.2,3.2,201,G72EF4AF5,155,,,,,,,,,,,,,,,,,,,
2047,2,43,5348,22-Nov-23,E99D,0.0000004547,3.19v,0.000000055,5,14.2,3.2,3.2,203,G72E99D8B,154,,,,,,,,,,,,,,,,,,,
2047,2,44,5348,22-Nov-23,E9AB,0.0000004625,3.19v,0.0000000565,5,14.2,3.2,3.2,206,G72E9ABE8,154,,,,,,,,,,,,,,,,,,,
2047,2,45,5358,22-Nov-23,EED4,0.0000004287,3.19v,0.0000000517,5,14.2,3.2,3.2,202,G72EED43F,154,,,,,,,,,,,,,,,,,,,
2047,2,46,5348,22-Nov-23,E9ED,0.0000004686,3.19v,0.0000000559,5,14.2,3.2,3.2,205,G72E9ED73,154,,,,,,,,,,,,,,,,,,,
2047,2,47,5348,22-Nov-23,E989,0.0000004173,3.19v,0.0000000551,5,14.2,3.2,3.2,208,G72E98977,156,,,,,,,,,,,,,,,,,,,
2047,2,48,5358,22-Nov-23,EEED,0.0000004289,3.19v,0.0000000515,5,14.2,3.2,3.2,203,G72EEED1D,154,,,,,,,,,,,,,,,,,,,
2047,2,49,5357,22-Nov-23,EE29,0.0000008468,3.19v,0.0000000559,5,14.2,3.2,3.2,206,G72EE29B6,155,,,,,,,,,,,,,,,,,,,
2047,2,50,5350,22-Nov-23,EAB9,0.0000004584,3.19v,0.0000000559,5,14.2,3.2,3.2,200,G72EAB99C,155,,,,,,,,,,,,,,,,,,,
2047,2,51,5356,22-Nov-23,EDCA,0.000000468,3.19v,0.0000000568,5,14.2,3.2,3.2,206,G72EDCAE8,153,,,,,,,,,,,,,,,,,,,
2047,2,52,5347,22-Nov-23,E94A,0.000000418,3.19v,0.0000000501,5,14.2,3.2,3.2,204,G72E94A5F,156,,,,,,,,,,,,,,,,,,,
2047,2,53,5348,22-Nov-23,E97D,0.0000004332,3.19v,0.0000000561,5,14.2,3.2,3.2,206,G72E97D62,154,,,,,,,,,,,,,,,,,,,
2047,2,54,5356,22-Nov-23,EDB1,0.0000004668,3.19v,0.0000000579,5,14.2,3.2,3.2,205,G72EDB130,156,,,,,,,,,,,,,,,,,,,
2047,2,55,5357,22-Nov-23,EE99,0.0000004666,3.19v,0.0000000568,5,14.2,3.2,3.2,207,G72EE9984,155,,,,,,,,,,,,,,,,,,,
2047,2,56,5349,22-Nov-23,EA64,0.0000004877,3.19v,0.0000000625,5,14.2,3.2,3.2,201,G72EA6436,156,,,,,,,,,,,,,,,,,,,
2047,2,57,5356,22-Nov-23,ED5E,0.0000004406,3.19v,0.0000000551,5,14.2,3.2,3.2,205,G72ED5E98,155,,,,,,,,,,,,,,,,,,,
2047,2,58,5349,22-Nov-23,EA45,0.0000005751,3.19v,0.0000000603,5,14.2,3.2,3.2,204,G72EA454B,155,,,,,,,,,,,,,,,,,,,
2047,2,59,5350,22-Nov-23,EACC,0.0000005221,3.19v,0.000000055,5,14.2,3.2,3.2,207,G72EACC5B,154,,,,,,,,,,,,,,,,,,,
2047,2,60,5350,22-Nov-23,EA6D,0.0000004496,3.19v,0.0000000594,5,14.2,3.2,3.2,206,G72EA6DAA,155,,,,,,,,,,,,,,,,,,,
2047,2,61,5358,22-Nov-23,EF5B,0.0000006198,3.19v,0.0000000564,5,14.2,3.2,3.2,204,G72EF5B36,154,,,,,,,,,,,,,,,,,,,
2047,2,62,5346,22-Nov-23,E76D,0.0000004595,3.19v,0.0000000556,5,14.2,3.2,3.2,206,G72E76D23,156,,,,,,,,,,,,,,,,,,,
2047,2,63,5355,22-Nov-23,ECD1,0.000000444,3.19v,0.0000000598,5,14.2,3.2,3.2,205,G72ECD191,154,,,,,,,,,,,,,,,,,,,
2047,2,64,5354,22-Nov-23,EC56,0.0000004551,3.19v,0.0000000566,5,14.2,3.2,3.2,205,G72EC569E,153,,,,,,,,,,,,,,,,,,,
2047,2,65,5352,22-Nov-23,EB6D,0.0000004762,3.19v,0.0000000584,5,14.2,3.2,3.2,209,G72EB6D6E,153,,,,,,,,,,,,,,,,,,,
2047,2,66,5351,22-Nov-23,EAF3,0.0000004459,3.19v,0.0000000573,5,14.2,3.2,3.2,206,G72EAF3A4,156,,,,,,,,,,,,,,,,,,,
2047,2,67,5355,22-Nov-23,ECD9,0.0000004808,3.19v,0.0000000574,5,14.2,3.2,3.2,209,G72ECD953,155,,,,,,,,,,,,,,,,,,,
2047,2,68,5353,22-Nov-23,EBA7,0.000000468,3.19v,0.0000000561,5,14.2,3.2,3.2,208,G72EBA7DA,153,,,,,,,,,,,,,,,,,,,
2047,2,69,5355,22-Nov-23,ED0A,0.000000457,3.19v,0.0000000589,5,14.2,3.2,3.2,202,G72ED0A22,156,,,,,,,,,,,,,,,,,,,
2047,2,70,5351,22-Nov-23,EB0B,0.0000004497,3.19v,0.0000000596,5,14.2,3.2,3.2,206,G72EB0BD6,156,,,,,,,,,,,,,,,,,,,
2047,2,71,5355,22-Nov-23,ECC9,0.0000004239,3.19v,0.0000000586,5,14.2,3.2,3.2,206,G72ECC9CE,155,,,,,,,,,,,,,,,,,,,
2047,2,72,5352,22-Nov-23,EB67,0.0000005448,3.19v,0.0000000589,5,14.2,3.2,3.2,203,G72EB6710,156,,,,,,,,,,,,,,,,,,,
2047,2,73,5352,22-Nov-23,EB63,0.0000004732,3.19v,0.0000000583,5,14.2,3.2,3.2,204,G72EB6371,154,,,,,,,,,,,,,,,,,,,
2047,2,74,5354,22-Nov-23,EC4D,0.0000004536,3.19v,0.0000000566,5,14.2,3.2,3.2,204,G72EC4D23,156,,,,,,,,,,,,,,,,,,,
2047,2,75,5351,22-Nov-23,EAE7,0.0000004347,3.19v,0.0000000596,5,14.2,3.2,3.2,210,G72EAE758,156,,,,,,,,,,,,,,,,,,,
2047,2,76,5353,22-Nov-23,EB93,0.0000004527,3.19v,0.000000058,5,14.2,3.2,3.2,206,G72EB9305,154,,,,,,,,,,,,,,,,,,,
2047,2,77,5354,22-Nov-23,ECAF,0.0000004972,3.19v,0.000000057,5,14.2,3.2,3.2,208,G72ECAF76,156,,,,,,,,,,,,,,,,,,,
2047,2,78,5353,22-Nov-23,EBBA,0.0000004376,3.19v,0.0000000543,5,14.2,3.2,3.2,205,G72EBBABA,155,,,,,,,,,,,,,,,,,,,
2047,2,79,5353,22-Nov-23,EBCB,0.0000005099,3.19v,0.0000000524,5,14.2,3.2,3.2,202,G72EBCB1C,154,,,,,,,,,,,,,,,,,,,
2047,2,80,5353,22-Nov-23,EBA8,0.0000004482,3.19v,0.0000000561,5,14.2,3.2,3.2,204,G72EBA89B,154,,,,,,,,,,,,,,,,,,,
2047,2,81,5355,22-Nov-23,ECB5,0.0000004674,3.19v,0.0000000574,5,14.2,3.2,3.2,209,G72ECB595,153,,,,,,,,,,,,,,,,,,,
2047,2,82,5354,22-Nov-23,EC9D,0.0000004554,3.19v,0.0000000552,5,14.2,3.2,3.2,207,G72EC9D74,156,,,,,,,,,,,,,,,,,,,
2047,2,83,5353,22-Nov-23,EB8D,0.000000444,3.19v,0.0000000591,5,14.2,3.2,3.2,207,G72EB8D87,156,,,,,,,,,,,,,,,,,,,
2047,2,84,5355,22-Nov-23,ECF5,0.0000005657,3.19v,0.0000000554,5,14.2,3.2,3.2,211,G72ECF5D3,156,,,,,,,,,,,,,,,,,,,
2047,2,85,5351,22-Nov-23,EB11,0.0000004313,3.19v,0.0000000576,5,14.2,3.2,3.2,203,G72EB1135,155,,,,,,,,,,,,,,,,,,,
2047,2,86,5355,22-Nov-23,ED24,0.0000004701,3.19v,0.0000000577,5,14.2,3.2,3.2,209,G72ED241E,157,,,,,,,,,,,,,,,,,,,
2047,2,87,5354,22-Nov-23,EBEB,0.0000005376,3.19v,0.0000000606,5,14.2,3.2,3.2,207,G72EBEB3F,156,,,,,,,,,,,,,,,,,,,
2047,2,88,5352,22-Nov-23,EB3D,0.0000004321,3.19v,0.0000000528,5,14.2,3.2,3.2,205,G72EB3DB5,156,,,,,,,,,,,,,,,,,,,
2047,2,89,5352,22-Nov-23,EB64,0.0000004599,3.19v,0.0000000597,5,14.2,3.2,3.2,203,G72EB64F2,155,,,,,,,,,,,,,,,,,,,
2047,2,90,5352,22-Nov-23,EB4E,0.0000005048,3.19v,0.0000000564,5,14.2,3.2,3.2,207,G72EB4EAF,156,,,,,,,,,,,,,,,,,,,
2047,2,91,5354,22-Nov-23,EC92,0.0000004959,3.19v,0.000000059,5,14.2,3.2,3.2,210,G72EC9235,155,,,,,,,,,,,,,,,,,,,
2047,2,92,5353,22-Nov-23,EBD2,0.0000004509,3.19v,0.0000000528,5,14.2,3.2,3.2,204,G72EBD21D,154,,,,,,,,,,,,,,,,,,,
2047,2,93,5353,22-Nov-23,EB92,0.0000004448,3.19v,0.0000000577,5,14.2,3.2,3.2,201,G72EB925B,154,,,,,,,,,,,,,,,,,,,
2047,2,94,5355,22-Nov-23,ED29,0.0000005007,3.19v,0.0000000557,5,14.2,3.2,3.2,205,G72ED29E3,154,,,,,,,,,,,,,,,,,,,
2047,2,95,5352,22-Nov-23,EB45,0.0000004558,3.19v,0.0000000565,5,14.2,3.2,3.2,204,G72EB458F,156,,,,,,,,,,,,,,,,,,,
2047,2,96,5351,22-Nov-23,EB19,0.0000004336,3.19v,0.0000000584,5,14.2,3.2,3.2,206,G72EB19F7,154,,,,,,,,,,,,,,,,,,,
2047,2,97,5355,22-Nov-23,ED16,0.0000005808,3.19v,0.0000000591,5,14.2,3.2,3.2,208,G72ED161C,155,,,,,,,,,,,,,,,,,,,
2047,2,98,5353,22-Nov-23,EBD1,0.0000004502,3.19v,0.000000058,5,14.2,3.2,3.2,208,G72EBD1FF,157,,,,,,,,,,,,,,,,,,,
2047,2,99,5354,22-Nov-23,EC57,0.0000004419,3.19v,0.0000000549,5,14.2,3.2,3.2,202,G72EC57C0,156,,,,,,,,,,,,,,,,,,,
2047,2,100,5354,22-Nov-23,EBF5,0.0000005219,3.19v,0.0000000568,5,14.2,3.2,3.2,205,G72EBF5BD,155,,,,,,,,,,,,,,,,,,,
2047,2,101,5353,22-Nov-23,EB97,0.0000005701,3.19v,0.0000000644,5,14.2,3.2,3.2,204,G72EB9764,155,,,,,,,,,,,,,,,,,,,
2047,2,102,5353,22-Nov-23,EB96,0.000000593,3.19v,0.0000000605,5,14.2,3.2,3.2,206,G72EB963A,155,,,,,,,,,,,,,,,,,,,
2047,2,103,5353,22-Nov-23,EBAB,0.0000004495,3.19v,0.000000057,5,14.2,3.2,3.2,203,G72EBAB79,157,,,,,,,,,,,,,,,,,,,
2047,2,104,5351,22-Nov-23,EB1A,0.0000004779,3.19v,0.0000000544,5,14.2,3.2,3.2,204,G72EB1A15,155,,,,,,,,,,,,,,,,,,,
2047,2,105,5355,22-Nov-23,ED1A,0.000000523,3.19v,0.0000000578,5,14.2,3.2,3.2,203,G72ED1ABF,156,,,,,,,,,,,,,,,,,,,
2047,2,106,5355,22-Nov-23,ED1B,0.0000004819,3.19v,0.0000000597,5,14.2,3.2,3.2,207,G72ED1BE1,155,,,,,,,,,,,,,,,,,,,
2047,2,107,5353,22-Nov-23,EBB9,0.0000005107,3.19v,0.0000000542,5,14.2,3.2,3.2,203,G72EBB958,155,,,,,,,,,,,,,,,,,,,
2047,2,108,5351,22-Nov-23,EAEF,0.0000004075,3.19v,0.0000000591,5,14.2,3.2,3.2,202,G72EAEF9A,154,,,,,,,,,,,,,,,,,,,
2047,2,109,5354,22-Nov-23,EC51,0.0000004713,3.19v,0.0000000572,5,14.2,3.2,3.2,202,G72EC511D,155,,,,,,,,,,,,,,,,,,,
2047,2,110,5352,22-Nov-23,EB69,0.0000005756,3.19v,0.0000000572,5,14.2,3.2,3.2,203,G72EB690F,155,,,,,,,,,,,,,,,,,,,
2047,2,111,5351,22-Nov-23,EB25,0.000000428,3.19v,0.0000000562,5,14.2,3.2,3.2,201,G72EB25EA,154,,,,,,,,,,,,,,,,,,,
2047,2,112,5352,22-Nov-23,EB5E,0.0000004408,3.19v,0.0000000613,5,14.2,3.2,3.2,206,G72EB5E32,156,,,,,,,,,,,,,,,,,,,
2047,2,113,5353,22-Nov-23,EBB7,0.0000004558,3.19v,0.0000000553,5,14.2,3.2,3.2,204,G72EBB747,154,,,,,,,,,,,,,,,,,,,
2047,2,114,5351,22-Nov-23,EAE4,0.0000005317,3.19v,0.0000000577,5,14.2,3.2,3.2,210,G72EAE4BA,154,,,,,,,,,,,,,,,,,,,
2047,2,115,5354,22-Nov-23,EC6B,0.0000004382,3.19v,0.0000000554,5,14.2,3.2,3.2,204,G72EC6BDD,155,,,,,,,,,,,,,,,,,,,
2047,2,116,5351,22-Nov-23,EAFD,0.0000004586,3.19v,0.0000000615,5,14.2,3.2,3.2,202,G72EAFDBB,156,,,,,,,,,,,,,,,,,,,
2047,2,117,5355,22-Nov-23,ECD3,0.0000004705,3.19v,0.0000000598,5,14.2,3.2,3.2,205,G72ECD32D,153,,,,,,,,,,,,,,,,,,,
2047,2,118,5352,22-Nov-23,EB4D,0.0000004981,3.19v,0.0000000569,5,14.2,3.2,3.2,203,G72EB4D4D,156,,,,,,,,,,,,,,,,,,,
2047,2,119,5355,22-Nov-23,ED37,0.0000004497,3.19v,0.0000000564,5,14.2,3.2,3.2,203,G72ED3761,153,,,,,,,,,,,,,,,,,,,
2047,2,120,5355,22-Nov-23,ED3D,0.0000004803,3.19v,0.0000000561,5,14.2,3.2,3.2,206,G72ED3D1F,153,,,,,,,,,,,,,,,,,,,
2047,2,121,5353,22-Nov-23,EB7B,0.0000005819,3.19v,0.000000057,5,14.2,3.2,3.2,206,G72EB7B2E,155,,,,,,,,,,,,,,,,,,,
2047,2,122,5351,22-Nov-23,EAE6,0.0000004329,3.19v,0.0000000609,5,14.2,3.2,3.2,204,G72EAE606,156,,,,,,,,,,,,,,,,,,,
2047,2,123,5355,22-Nov-23,ECBA,0.0000004798,3.19v,0.0000000566,5,14.2,3.2,3.2,206,G72ECBAD4,153,,,,,,,,,,,,,,,,,,,
2047,2,124,5352,22-Nov-23,EB5C,0.0000004651,3.19v,0.0000000577,5,14.2,3.2,3.2,205,G72EB5C8E,156,,,,,,,,,,,,,,,,,,,
2047,2,125,5352,22-Nov-23,EB74,0.0000004779,3.19v,0.0000000598,5,14.2,3.2,3.2,203,G72EB746F,154,,,,,,,,,,,,,,,,,,,
2047,2,126,5355,22-Nov-23,ED2C,0.0000006091,3.19v,0.0000000575,5,14.2,3.2,3.2,206,G72ED2CDC,154,,,,,,,,,,,,,,,,,,,
2047,2,127,5351,22-Nov-23,EB2C,0.0000004238,3.19v,0.0000000556,5,14.2,3.2,3.2,204,G72EB2C76,155,,,,,,,,,,,,,,,,,,,
2047,2,128,5354,22-Nov-23,EC96,0.0000004835,3.19v,0.0000000582,5,14.2,3.2,3.2,205,G72EC9654,153,,,,,,,,,,,,,,,,,,,
2047,2,129,5355,22-Nov-23,ED44,0.0000004452,3.19v,0.000000056,5,14.2,3.2,3.2,204,G72ED447B,155,,,,,,,,,,,,,,,,,,,
2047,2,130,5353,22-Nov-23,EBAD,0.0000005213,3.19v,0.0000000573,5,14.2,3.2,3.2,207,G72EBADA4,156,,,,,,,,,,,,,,,,,,,
2047,2,131,5351,22-Nov-23,EAE9,0.0000006652,3.19v,0.0000000585,5,14.2,3.2,3.2,205,G72EAE947,156,,,,,,,,,,,,,,,,,,,
2047,2,132,5352,22-Nov-23,EB79,0.0000004828,3.19v,0.0000000589,5,14.2,3.2,3.2,205,G72EB7992,155,,,,,,,,,,,,,,,,,,,
2047,2,133,5355,22-Nov-23,ECD4,0.0000004392,3.19v,0.0000000576,5,14.2,3.2,3.2,207,G72ECD4AE,153,,,,,,,,,,,,,,,,,,,
2047,2,134,5355,22-Nov-23,ECD5,0.0000004474,3.19v,0.000000059,5,14.2,3.2,3.2,207,G72ECD5F0,154,,,,,,,,,,,,,,,,,,,
2047,2,135,5355,22-Nov-23,ED43,0.0000004382,3.19v,0.0000000564,5,14.2,3.2,3.2,202,G72ED43F8,156,,,,,,,,,,,,,,,,,,,
2047,2,136,5351,22-Nov-23,EAEC,0.0000004306,3.19v,0.0000000583,5,14.2,3.2,3.2,204,G72EAEC78,156,,,,,,,,,,,,,,,,,,,
2047,2,137,5355,22-Nov-23,ED23,0.0000004448,3.19v,0.0000000564,5,14.2,3.2,3.2,206,G72ED239D,156,,,,,,,,,,,,,,,,,,,
2047,2,138,5354,22-Nov-23,EC85,0.0000004898,3.19v,0.0000000559,5,14.2,3.2,3.2,207,G72EC852B,156,,,,,,,,,,,,,,,,,,,
2047,2,139,5354,22-Nov-23,ECAE,0.0000004828,3.19v,0.0000000577,5,14.2,3.2,3.2,203,G72ECAE28,155,,,,,,,,,,,,,,,,,,,
2047,2,140,5352,22-Nov-23,EB50,0.0000004552,3.19v,0.0000000571,5,14.2,3.2,3.2,199,G72EB502D,153,,,,,,,,,,,,,,,,,,,
2047,2,141,5351,22-Nov-23,EB24,0.0000004508,3.19v,0.0000000556,5,14.2,3.2,3.2,205,G72EB24B4,155,,,,,,,,,,,,,,,,,,,
2047,2,142,5354,22-Nov-23,EC55,0.000000438,3.19v,0.0000000552,5,14.2,3.2,3.2,207,G72EC557C,156,,,,,,,,,,,,,,,,,,,
2047,2,143,5353,22-Nov-23,EBBD,0.0000004993,3.19v,0.0000000511,5,14.2,3.2,3.2,205,G72EBBD39,153,,,,,,,,,,,,,,,,,,,
2047,2,144,5353,22-Nov-23,EBC5,0.0000004417,3.19v,0.0000000526,5,14.2,3.2,3.2,205,G72EBC503,156,,,,,,,,,,,,,,,,,,,
2047,2,145,5354,22-Nov-23,EC15,0.0000004574,3.19v,0.0000000559,5,14.2,3.2,3.2,205,G72EC153A,155,,,,,,,,,,,,,,,,,,,
2047,2,146,5355,22-Nov-23,ED32,0.0000004679,3.19v,0.0000000535,5,14.2,3.2,3.2,205,G72ED325E,155,,,,,,,,,,,,,,,,,,,
2047,2,147,5353,22-Nov-23,EBA2,0.0000004547,3.19v,0.0000000563,5,14.2,3.2,3.2,206,G72EBA2E5,155,,,,,,,,,,,,,,,,,,,
2047,2,148,5354,22-Nov-23,EC59,0.0000004128,3.19v,0.000000058,5,14.2,3.2,3.2,206,G72EC59DF,154,,,,,,,,,,,,,,,,,,,
2047,2,149,5352,22-Nov-23,EB49,0.0000005172,3.19v,0.0000000587,5,14.2,3.2,3.2,204,G72EB492C,155,,,,,,,,,,,,,,,,,,,
2047,2,150,5352,22-Nov-23,EB58,0.0000004621,3.19v,0.0000000575,5,14.2,3.2,3.2,203,G72EB58EF,154,,,,,,,,,,,,,,,,,,,
2047,2,151,5352,22-Nov-23,EB55,0.0000004628,3.19v,0.0000000569,5,14.2,3.2,3.2,203,G72EB5512,155,,,,,,,,,,,,,,,,,,,
2047,2,152,5353,22-Nov-23,EB94,0.0000004749,3.19v,0.0000000596,5,14.2,3.2,3.2,206,G72EB9486,156,,,,,,,,,,,,,,,,,,,
2047,2,153,5352,22-Nov-23,EB68,0.0000005056,3.19v,0.0000000609,5,14.2,3.2,3.2,203,G72EB6851,156,,,,,,,,,,,,,,,,,,,
2047,2,154,5354,22-Nov-23,EC2B,0.0000004577,3.19v,0.000000057,5,14.2,3.2,3.2,202,G72EC2B9B,155,,,,,,,,,,,,,,,,,,,
2047,2,155,5351,22-Nov-23,EAE3,0.000000632,3.19v,0.0000000597,5,14.2,3.2,3.2,206,G72EAE339,153,,,,,,,,,,,,,,,,,,,
2047,2,156,5354,22-Nov-23,EBDD,0.0000005247,3.19v,0.0000000583,5,14.2,3.2,3.2,205,G72EBDD5C,154,,,,,,,,,,,,,,,,,,,
2047,2,157,5351,22-Nov-23,EB1B,0.0000004042,3.19v,0.0000000582,5,14.2,3.2,3.2,205,G72EB1B4B,155,,,,,,,,,,,,,,,,,,,
2047,2,158,5352,22-Nov-23,EB41,0.0000005913,3.19v,0.0000000544,5,14.2,3.2,3.2,202,G72EB41EE,157,,,,,,,,,,,,,,,,,,,
2047,2,159,5355,22-Nov-23,ED0B,0.0000005358,3.19v,0.0000000579,5,14.2,3.2,3.2,209,G72ED0B7C,154,,,,,,,,,,,,,,,,,,,
2047,2,160,5355,22-Nov-23,ED09,0.0000004587,3.19v,0.0000000591,5,14.2,3.2,3.2,205,G72ED09C0,156,,,,,,,,,,,,,,,,,,,
2047,2,161,5352,22-Nov-23,EB5B,0.0000004823,3.19v,0.0000000595,5,14.2,3.2,3.2,206,G72EB5B0D,154,,,,,,,,,,,,,,,,,,,
2047,2,162,5354,22-Nov-23,ECAC,0.0000004793,3.19v,0.0000000609,5,14.2,3.2,3.2,205,G72ECAC94,155,,,,,,,,,,,,,,,,,,,
2047,2,163,5353,22-Nov-23,EBB3,0.00000043,3.19v,0.0000000582,5,14.2,3.2,3.2,203,G72EBB326,155,,,,,,,,,,,,,,,,,,,
2047,2,164,5351,22-Nov-23,EB12,0.0000005341,3.19v,0.0000000598,5,14.2,3.2,3.2,204,G72EB12D7,154,,,,,,,,,,,,,,,,,,,
2047,2,165,5415,22-Nov-23,84B1,,3.19v,,5,14.2,3.2,3.2,203,G7284B1D8,157,,,,,,,,,,,,,,,,,,,
2047,2,166,5354,22-Nov-23,EC49,0.0000004439,3.19v,0.0000000561,5,14.2,3.2,3.2,208,G72EC4942,156,,,,,,,,,,,,,,,,,,,
2047,2,167,5352,22-Nov-23,EB6B,0.0000004767,3.19v,0.0000000599,5,14.2,3.2,3.2,208,G72EB6BB3,155,,,,,,,,,,,,,,,,,,,
2047,2,168,5351,22-Nov-23,EB09,0.0000004679,3.19v,0.0000000581,5,14.2,3.2,3.2,209,G72EB096A,153,,,,,,,,,,,,,,,,,,,
2047,2,169,5355,22-Nov-23,ED21,0.000000448,3.19v,0.0000000542,5,14.2,3.2,3.2,208,G72ED2121,154,,,,,,,,,,,,,,,,,,,
2047,2,170,5353,22-Nov-23,EBA9,0.0000004291,3.19v,0.0000000573,5,14.2,3.2,3.2,208,G72EBA9C5,156,,,,,,,,,,,,,,,,,,,
2047,2,171,5353,22-Nov-23,EBD3,0.0000004525,3.19v,0.0000000557,5,14.2,3.2,3.2,210,G72EBD343,155,,,,,,,,,,,,,,,,,,,
2047,2,172,5351,22-Nov-23,EB21,0.0000004923,3.19v,0.0000000571,5,14.2,3.2,3.2,205,G72EB218B,156,,,,,,,,,,,,,,,,,,,
2047,2,173,5355,22-Nov-23,ED2D,0.0000006011,3.19v,0.0000000532,5,14.2,3.2,3.2,209,G72ED2D82,155,,,,,,,,,,,,,,,,,,,
2047,2,174,5352,22-Nov-23,EB36,0.000000463,3.19v,0.0000000526,5,14.2,3.2,3.2,202,G72EB3695,156,,,,,,,,,,,,,,,,,,,
2047,2,175,5354,22-Nov-23,EC54,0.0000004615,3.19v,0.0000000537,5,14.2,3.2,3.2,207,G72EC5422,154,,,,,,,,,,,,,,,,,,,
2047,2,176,5352,22-Nov-23,EB35,0.0000004323,3.19v,0.0000000527,5,14.2,3.2,3.2,208,G72EB3577,155,,,,,,,,,,,,,,,,,,,
2047,2,177,5354,22-Nov-23,ECA9,0.0000004641,3.19v,0.0000000588,5,14.2,3.2,3.2,207,G72ECA9AB,155,,,,,,,,,,,,,,,,,,,
2047,2,178,5351,22-Nov-23,EB16,0.0000004641,3.19v,0.0000000563,5,14.2,3.2,3.2,204,G72EB16B6,156,,,,,,,,,,,,,,,,,,,
2047,2,179,5352,22-Nov-23,EB5A,0.0000004419,3.19v,0.0000000563,5,14.2,3.2,3.2,204,G72EB5A53,154,,,,,,,,,,,,,,,,,,,
2047,2,180,5354,22-Nov-23,EC9A,0.0000004329,3.19v,0.0000000568,5,14.2,3.2,3.2,205,G72EC9AF7,153,,,,,,,,,,,,,,,,,,,
2047,2,181,5351,22-Nov-23,EB0A,0.0000004408,3.19v,0.0000000566,5,14.2,3.2,3.2,204,G72EB0A88,157,,,,,,,,,,,,,,,,,,,
2047,2,182,5353,22-Nov-23,EBB4,0.0000005008,3.19v,0.0000000581,5,14.2,3.2,3.2,204,G72EBB4A5,154,,,,,,,,,,,,,,,,,,,
2047,2,183,5354,22-Nov-23,EC53,0.0000004753,3.19v,0.0000000565,5,14.2,3.2,3.2,205,G72EC53A1,153,,,,,,,,,,,,,,,,,,,
2047,2,184,5351,22-Nov-23,EB26,0.000000453,3.19v,0.000000057,5,14.2,3.2,3.2,206,G72EB2608,155,,,,,,,,,,,,,,,,,,,
2047,2,185,5351,22-Nov-23,EB22,0.0000004383,3.19v,0.0000000576,5,14.2,3.2,3.2,206,G72EB2269,155,,,,,,,,,,,,,,,,,,,
2047,2,186,5353,22-Nov-23,EB85,0.0000004168,3.19v,0.0000000581,5,14.2,3.2,3.2,198,G72EB8545,155,,,,,,,,,,,,,,,,,,,
2047,2,187,5352,22-Nov-23,EB5F,0.0000004588,3.19v,0.0000000596,5,14.2,3.2,3.2,208,G72EB5F6C,153,,,,,,,,,,,,,,,,,,,
2047,2,188,5355,22-Nov-23,ECC5,0.0000004339,3.19v,0.0000000589,5,14.2,3.2,3.2,205,G72ECC56D,155,,,,,,,,,,,,,,,,,,,
2047,2,189,5351,22-Nov-23,EB31,0.0000005283,3.19v,0.000000056,5,14.2,3.2,3.2,204,G72EB3116,154,,,,,,,,,,,,,,,,,,,
2047,2,190,5355,22-Nov-23,ED25,0.0000004613,3.19v,0.0000000561,5,14.2,3.2,3.2,206,G72ED2540,155,,,,,,,,,,,,,,,,,,,
2047,2,191,5354,22-Nov-23,EC97,0.000000432,3.19v,0.0000000615,5,14.2,3.2,3.2,210,G72EC970A,155,,,,,,,,,,,,,,,,,,,
2047,2,192,5355,22-Nov-23,ECBB,0.0000004392,3.19v,0.0000000581,5,14.2,3.2,3.2,208,G72ECBB8A,157,,,,,,,,,,,,,,,,,,,
2047,2,193,5351,22-Nov-23,EB2D,0.000000448,3.19v,0.0000000562,5,14.2,3.2,3.2,204,G72EB2D28,154,,,,,,,,,,,,,,,,,,,
2047,2,194,5352,22-Nov-23,EB62,0.0000004525,3.19v,0.0000000595,5,14.2,3.2,3.2,205,G72EB622F,155,,,,,,,,,,,,,,,,,,,
2047,2,195,5353,22-Nov-23,EBD6,0.0000004691,3.19v,0.0000000525,5,14.2,3.2,3.2,209,G72EBD67C,155,,,,,,,,,,,,,,,,,,,
2047,2,196,5353,22-Nov-23,EB89,0.0000004667,3.19v,0.0000000562,5,14.2,3.2,3.2,201,G72EB89E6,154,,,,,,,,,,,,,,,,,,,
2047,2,197,5352,22-Nov-23,EB56,0.0000004563,3.19v,0.0000000578,5,14.2,3.2,3.2,204,G72EB56F0,154,,,,,,,,,,,,,,,,,,,
2047,2,198,5353,22-Nov-23,EBBB,0.0000004731,3.19v,0.000000051,5,14.2,3.2,3.2,206,G72EBBBE4,156,,,,,,,,,,,,,,,,,,,
2047,2,199,5352,22-Nov-23,EB4C,0.0000004233,3.19v,0.0000000565,5,14.2,3.2,3.2,205,G72EB4C13,154,,,,,,,,,,,,,,,,,,,
2047,2,200,5351,22-Nov-23,EB23,0.0000004336,3.19v,0.0000000571,5,14.2,3.2,3.2,207,G72EB2337,154,,,,,,,,,,,,,,,,,,,
2047,2,201,5354,22-Nov-23,ECA4,0.0000004245,3.19v,0.0000000557,5,14.2,3.2,3.2,204,G72ECA456,154,,,,,,,,,,,,,,,,,,,
2047,2,202,5351,22-Nov-23,EB29,0.00000045,3.19v,0.000000058,5,14.2,3.2,3.2,209,G72EB2949,155,,,,,,,,,,,,,,,,,,,
2047,2,203,5353,22-Nov-23,EBA4,0.000000458,3.19v,0.000000056,5,14.2,3.2,3.2,208,G72EBA438,155,,,,,,,,,,,,,,,,,,,
2047,2,204,5351,22-Nov-23,EB2E,0.0000005074,3.19v,0.0000000567,5,14.2,3.2,3.2,207,G72EB2ECA,155,,,,,,,,,,,,,,,,,,,
2047,2,205,5354,22-Nov-23,ECA3,0.0000004891,3.19v,0.0000000577,5,14.2,3.2,3.2,203,G72ECA3D5,154,,,,,,,,,,,,,,,,,,,
2047,2,206,5354,22-Nov-23,ECA2,0.0000004882,3.19v,0.0000000579,5,14.2,3.2,3.2,203,G72ECA28B,155,,,,,,,,,,,,,,,,,,,
2047,2,207,5354,22-Nov-23,EC25,0.0000004394,3.19v,0.000000058,5,14.2,3.2,3.2,207,G72EC2584,155,,,,,,,,,,,,,,,,,,,
2047,2,208,5353,22-Nov-23,EB99,0.0000004673,3.19v,0.000000061,5,14.2,3.2,3.2,205,G72EB997B,154,,,,,,,,,,,,,,,,,,,
2047,2,209,5353,22-Nov-23,EBB5,0.0000004355,3.19v,0.0000000553,5,14.2,3.2,3.2,203,G72EBB5FB,156,,,,,,,,,,,,,,,,,,,
2047,2,210,5351,22-Nov-23,EAE2,0.0000005535,3.19v,0.0000000587,5,14.2,3.2,3.2,207,G72EAE267,153,,,,,,,,,,,,,,,,,,,
2047,2,211,5355,22-Nov-23,ECE9,0.0000004682,3.19v,0.000000057,5,14.2,3.2,3.2,205,G72ECE9ED,155,,,,,,,,,,,,,,,,,,,
2047,2,212,5355,22-Nov-23,ECBD,0.0000004591,3.19v,0.0000000593,5,14.2,3.2,3.2,204,G72ECBD57,155,,,,,,,,,,,,,,,,,,,
2047,2,213,5355,22-Nov-23,ED42,0.0000004199,3.19v,0.0000000555,5,14.2,3.2,3.2,205,G72ED42A6,153,,,,,,,,,,,,,,,,,,,
2047,2,214,5351,22-Nov-23,EADF,0.0000004955,3.19v,0.0000000617,5,14.2,3.2,3.2,205,G72EADF24,154,,,,,,,,,,,,,,,,,,,
2047,2,215,5354,22-Nov-23,EC69,0.0000004315,3.19v,0.0000000549,5,14.2,3.2,3.2,208,G72EC6961,153,,,,,,,,,,,,,,,,,,,
2047,2,216,5352,22-Nov-23,EB75,0.0000004537,3.19v,0.0000000569,5,14.2,3.2,3.2,204,G72EB7531,154,,,,,,,,,,,,,,,,,,,
2047,2,217,5351,22-Nov-23,EAF4,0.000000434,3.19v,0.0000000599,5,14.2,3.2,3.2,207,G72EAF427,155,,,,,,,,,,,,,,,,,,,
2047,2,218,5354,22-Nov-23,EC94,0.0000004464,3.19v,0.0000000553,5,14.2,3.2,3.2,206,G72EC94E8,154,,,,,,,,,,,,,,,,,,,
2047,2,219,5353,22-Nov-23,EB7A,0.0000004928,3.19v,0.0000000608,5,14.2,3.2,3.2,207,G72EB7A70,153,,,,,,,,,,,,,,,,,,,
2047,2,220,5354,22-Nov-23,EC8D,0.0000004465,3.19v,0.0000000576,5,14.2,3.2,3.2,208,G72EC8DE9,154,,,,,,,,,,,,,,,,,,,
2047,2,221,5355,22-Nov-23,ED22,0.0000004734,3.19v,0.0000000557,5,14.2,3.2,3.2,210,G72ED22C3,154,,,,,,,,,,,,,,,,,,,
2047,2,222,5352,22-Nov-23,EB34,0.0000004902,3.19v,0.0000000526,5,14.2,3.2,3.2,206,G72EB3429,155,,,,,,,,,,,,,,,,,,,
2047,2,223,5353,22-Nov-23,EB9B,0.0000004318,3.19v,0.0000000615,5,14.2,3.2,3.2,204,G72EB9BC7,156,,,,,,,,,,,,,,,,,,,
2047,2,224,5351,22-Nov-23,EB15,0.0000004096,3.19v,0.0000000592,5,14.2,3.2,3.2,207,G72EB1554,154,,,,,,,,,,,,,,,,,,,
2047,2,225,5352,22-Nov-23,EB73,0.0000004552,3.19v,0.0000000613,5,14.2,3.2,3.2,207,G72EB73EC,154,,,,,,,,,,,,,,,,,,,
2047,3,1,5352,22-Nov-23,EB51,0.0000004503,3.19v,0.000000058,5,14.2,3.2,3.2,203,G72EB5173,155,,,,,,,,,,,,,,,,,,,
2047,3,2,5352,22-Nov-23,EB32,0.000000438,3.19v,0.0000000528,5,14.2,3.2,3.2,202,G72EB32F4,155,,,,,,,,,,,,,,,,,,,
2047,3,3,5351,22-Nov-23,EAF7,0.0000005197,3.19v,0.0000000599,5,14.2,3.2,3.2,207,G72EAF7C5,154,,,,,,,,,,,,,,,,,,,
2047,3,4,5355,22-Nov-23,ECB3,0.0000005097,3.19v,0.0000000577,5,14.2,3.2,3.2,205,G72ECB348,154,,,,,,,,,,,,,,,,,,,
2047,3,5,5353,22-Nov-23,EBAC,0.0000004961,3.19v,0.0000000581,5,14.2,3.2,3.2,204,G72EBACFA,155,,,,,,,,,,,,,,,,,,,
2047,3,6,5354,22-Nov-23,EC5D,0.0000004626,3.19v,0.0000000582,5,14.2,3.2,3.2,204,G72EC5DBE,155,,,,,,,,,,,,,,,,,,,
2047,3,7,5353,22-Nov-23,EB7D,0.0000004559,3.19v,0.0000000599,5,14.2,3.2,3.2,204,G72EB7DF3,156,,,,,,,,,,,,,,,,,,,
2047,3,8,5351,22-Nov-23,EAF2,0.0000008319,3.19v,0.0000000625,5,14.2,3.2,3.2,205,G72EAF2FA,155,,,,,,,,,,,,,,,,,,,
2047,3,9,5353,22-Nov-23,EB9D,0.0000005983,3.19v,0.0000000583,5,14.2,3.2,3.2,204,G72EB9D1A,155,,,,,,,,,,,,,,,,,,,
2047,3,10,5354,22-Nov-23,EC6A,0.0000004882,3.19v,0.0000000577,5,14.2,3.2,3.2,206,G72EC6A83,156,,,,,,,,,,,,,,,,,,,